,date,value
0,2016-01-01,329
1,2016-01-02,399
2,2016-01-03,482
3,2016-01-04,562
4,2016-01-05,496
5,2016-01-06,488
6,2016-01-07,453
7,2016-01-08,439
8,2016-01-09,439
9,2016-01-10,483
10,2016-01-11,578
11,2016-01-12,441
12,2016-01-13,421
13,2016-01-14,396
14,2016-01-15,327
15,2016-01-16,228
16,2016-01-17,311
17,2016-01-18,341
18,2016-01-19,347
19,2016-01-20,346
20,2016-01-21,257
21,2016-01-22,275
22,2016-01-23,200
23,2016-01-24,218
24,2016-01-25,303
25,2016-01-26,308
26,2016-01-27,298
27,2016-01-28,356
28,2016-01-29,348
29,2016-01-30,278
30,2016-01-31,250
31,2016-02-01,325
32,2016-02-02,259
33,2016-02-03,259
34,2016-02-04,216
35,2016-02-05,136
36,2016-02-06,125
37,2016-02-07,102
38,2016-02-08,119
39,2016-02-09,84
40,2016-02-10,93
41,2016-02-11,118
42,2016-02-12,118
43,2016-02-13,132
44,2016-02-14,172
45,2016-02-15,273
46,2016-02-16,266
47,2016-02-17,237
48,2016-02-18,206
49,2016-02-19,228
50,2016-02-20,169
51,2016-02-21,197
52,2016-02-22,361
53,2016-02-23,308
54,2016-02-24,333
55,2016-02-25,323
56,2016-02-26,305
57,2016-02-27,221
58,2016-02-28,246
59,2016-03-01,317
60,2016-03-02,462
61,2016-03-03,526
62,2016-03-04,473
63,2016-03-05,464
64,2016-03-06,392
65,2016-03-07,439
66,2016-03-08,553
67,2016-03-09,477
68,2016-03-10,546
69,2016-03-11,488
70,2016-03-12,468
71,2016-03-13,395
72,2016-03-14,417
73,2016-03-15,495
74,2016-03-16,457
75,2016-03-17,496
76,2016-03-18,487
77,2016-03-19,381
78,2016-03-20,366
79,2016-03-21,455
80,2016-03-22,518
81,2016-03-23,448
82,2016-03-24,482
83,2016-03-25,444
84,2016-03-26,418
85,2016-03-27,340
86,2016-03-28,408
87,2016-03-29,493
88,2016-03-30,486
89,2016-03-31,492
90,2016-04-01,501
91,2016-04-02,387
92,2016-04-03,319
93,2016-04-04,307
94,2016-04-05,294
95,2016-04-06,383
96,2016-04-07,439
97,2016-04-08,447
98,2016-04-09,412
99,2016-04-10,447
100,2016-04-11,571
101,2016-04-12,507
102,2016-04-13,584
103,2016-04-14,527
104,2016-04-15,450
105,2016-04-16,405
106,2016-04-17,323
107,2016-04-18,380
108,2016-04-19,454
109,2016-04-20,441
110,2016-04-21,483
111,2016-04-22,404
112,2016-04-23,341
113,2016-04-24,305
114,2016-04-25,403
115,2016-04-26,509
116,2016-04-27,494
117,2016-04-28,425
118,2016-04-29,474
119,2016-04-30,409
120,2016-05-01,355
121,2016-05-02,402
122,2016-05-03,505
123,2016-05-04,571
124,2016-05-05,433
125,2016-05-06,448
126,2016-05-07,410
127,2016-05-08,308
128,2016-05-09,370
129,2016-05-10,452
130,2016-05-11,405
131,2016-05-12,450
132,2016-05-13,355
133,2016-05-14,335
134,2016-05-15,321
135,2016-05-16,436
136,2016-05-17,386
137,2016-05-18,373
138,2016-05-19,462
139,2016-05-20,518
140,2016-05-21,402
141,2016-05-22,310
142,2016-05-23,362
143,2016-05-24,413
144,2016-05-25,404
145,2016-05-26,375
146,2016-05-27,374
147,2016-05-28,375
148,2016-05-29,268
149,2016-05-30,335
150,2016-05-31,517
151,2016-06-01,505
152,2016-06-02,393
153,2016-06-03,348
154,2016-06-04,354
155,2016-06-05,274
156,2016-06-06,312
157,2016-06-07,352
158,2016-06-08,311
159,2016-06-09,297
160,2016-06-10,235
161,2016-06-11,256
162,2016-06-12,299
163,2016-06-13,357
164,2016-06-14,441
165,2016-06-15,412
166,2016-06-16,416
167,2016-06-17,373
168,2016-06-18,338
169,2016-06-19,243
170,2016-06-20,291
171,2016-06-21,382
172,2016-06-22,367
173,2016-06-23,385
174,2016-06-24,292
175,2016-06-25,357
176,2016-06-26,253
177,2016-06-27,185
178,2016-06-28,304
179,2016-06-29,384
180,2016-06-30,278
181,2016-07-01,289
182,2016-07-02,327
183,2016-07-03,227
184,2016-07-04,228
185,2016-07-05,370
186,2016-07-06,313
187,2016-07-07,309
188,2016-07-08,296
189,2016-07-09,264
190,2016-07-10,204
191,2016-07-11,235
192,2016-07-12,312
193,2016-07-13,280
194,2016-07-14,280
195,2016-07-15,321
196,2016-07-16,271
197,2016-07-17,203
198,2016-07-18,275
199,2016-07-19,330
200,2016-07-20,359
201,2016-07-21,320
202,2016-07-22,324
203,2016-07-23,280
204,2016-07-24,228
205,2016-07-25,252
206,2016-07-26,344
207,2016-07-27,315
208,2016-07-28,309
209,2016-07-29,335
210,2016-07-30,265
211,2016-07-31,190
212,2016-08-01,253
213,2016-08-02,327
214,2016-08-03,312
215,2016-08-04,295
216,2016-08-05,289
217,2016-08-06,285
218,2016-08-07,200
219,2016-08-08,251
220,2016-08-09,318
221,2016-08-10,266
222,2016-08-11,285
223,2016-08-12,288
224,2016-08-13,252
225,2016-08-14,204
226,2016-08-15,265
227,2016-08-16,302
228,2016-08-17,295
229,2016-08-18,294
230,2016-08-19,272
231,2016-08-20,231
232,2016-08-21,204
233,2016-08-22,242
234,2016-08-23,299
235,2016-08-24,308
236,2016-08-25,306
237,2016-08-26,285
238,2016-08-27,259
239,2016-08-28,179
240,2016-08-29,182
241,2016-08-30,256
242,2016-08-31,337
243,2016-09-01,378
244,2016-09-02,251
245,2016-09-03,279
246,2016-09-04,191
247,2016-09-05,201
248,2016-09-06,271
249,2016-09-07,322
250,2016-09-08,313
251,2016-09-09,293
252,2016-09-10,244
253,2016-09-11,242
254,2016-09-12,267
255,2016-09-13,267
256,2016-09-14,422
257,2016-09-15,459
258,2016-09-16,266
259,2016-09-17,249
260,2016-09-18,306
261,2016-09-19,393
262,2016-09-20,664
263,2016-09-21,615
264,2016-09-22,616
265,2016-09-23,708
266,2016-09-24,554
267,2016-09-25,475
268,2016-09-26,612
269,2016-09-27,703
270,2016-09-28,783
271,2016-09-29,730
272,2016-09-30,712
273,2016-10-01,520
274,2016-10-02,448
275,2016-10-03,539
276,2016-10-04,658
277,2016-10-05,675
278,2016-10-06,692
279,2016-10-07,716
280,2016-10-08,574
281,2016-10-09,508
282,2016-10-10,544
283,2016-10-11,753
284,2016-10-12,846
285,2016-10-13,726
286,2016-10-14,865
287,2016-10-15,667
288,2016-10-16,595
289,2016-10-17,604
290,2016-10-18,750
291,2016-10-19,770
292,2016-10-20,743
293,2016-10-21,890
294,2016-10-22,671
295,2016-10-23,574
296,2016-10-24,725
297,2016-10-25,855
298,2016-10-26,824
299,2016-10-27,818
300,2016-10-28,840
301,2016-10-29,678
302,2016-10-30,560
303,2016-10-31,691
304,2016-11-01,982
305,2016-11-02,931
306,2016-11-03,932
307,2016-11-04,914
308,2016-11-05,663
309,2016-11-06,649
310,2016-11-07,798
311,2016-11-08,891
312,2016-11-09,959
313,2016-11-10,916
314,2016-11-11,824
315,2016-11-12,684
316,2016-11-13,636
317,2016-11-14,815
318,2016-11-15,979
319,2016-11-16,1016
320,2016-11-17,853
321,2016-11-18,881
322,2016-11-19,704
323,2016-11-20,596
324,2016-11-21,810
325,2016-11-22,971
326,2016-11-23,951
327,2016-11-24,909
328,2016-11-25,953
329,2016-11-26,612
330,2016-11-27,553
331,2016-11-28,759
332,2016-11-29,928
333,2016-11-30,945
334,2016-12-01,894
335,2016-12-02,952
336,2016-12-03,751
337,2016-12-04,584
338,2016-12-05,786
339,2016-12-06,951
340,2016-12-07,985
341,2016-12-08,957
342,2016-12-09,953
343,2016-12-10,650
344,2016-12-11,505
345,2016-12-12,628
346,2016-12-13,736
347,2016-12-14,748
348,2016-12-15,672
349,2016-12-16,725
350,2016-12-17,558
351,2016-12-18,457
352,2016-12-19,554
353,2016-12-20,696
354,2016-12-21,720
355,2016-12-22,781
356,2016-12-23,779
357,2016-12-24,623
358,2016-12-25,443
359,2016-12-26,505
360,2016-12-27,668
361,2016-12-28,569
362,2016-12-29,732
363,2016-12-30,598
364,2016-12-31,581
365,2017-01-01,401
366,2017-01-02,550
367,2017-01-03,628
368,2017-01-04,780
369,2017-01-05,803
370,2017-01-06,484
371,2017-01-07,454
372,2017-01-08,548
373,2017-01-09,678
374,2017-01-10,523
375,2017-01-11,579
376,2017-01-12,595
377,2017-01-13,547
378,2017-01-14,424
379,2017-01-15,382
380,2017-01-16,583
381,2017-01-17,467
382,2017-01-18,429
383,2017-01-19,396
384,2017-01-20,310
385,2017-01-21,231
386,2017-01-22,193
387,2017-01-23,266
388,2017-01-24,255
389,2017-01-25,234
390,2017-01-26,202
391,2017-01-27,103
392,2017-01-28,101
393,2017-01-29,96
394,2017-01-30,116
395,2017-01-31,128
396,2017-02-01,177
397,2017-02-02,228
398,2017-02-03,196
399,2017-02-04,132
400,2017-02-05,152
401,2017-02-06,266
402,2017-02-07,260
403,2017-02-08,240
404,2017-02-09,264
405,2017-02-10,219
406,2017-02-11,158
407,2017-02-12,153
408,2017-02-13,316
409,2017-02-14,314
410,2017-02-15,322
411,2017-02-16,371
412,2017-02-17,314
413,2017-02-18,262
414,2017-02-19,248
415,2017-02-20,489
416,2017-02-21,464
417,2017-02-22,465
418,2017-02-23,573
419,2017-02-24,448
420,2017-02-25,282
421,2017-02-26,303
422,2017-02-27,362
423,2017-02-28,468
424,2017-03-01,662
425,2017-03-02,579
426,2017-03-03,410
427,2017-03-04,376
428,2017-03-05,465
429,2017-03-06,612
430,2017-03-07,561
431,2017-03-08,492
432,2017-03-09,498
433,2017-03-10,462
434,2017-03-11,460
435,2017-03-12,532
436,2017-03-13,696
437,2017-03-14,693
438,2017-03-15,620
439,2017-03-16,569
440,2017-03-17,477
441,2017-03-18,398
442,2017-03-19,484
443,2017-03-20,656
444,2017-03-21,649
445,2017-03-22,619
446,2017-03-23,561
447,2017-03-24,531
448,2017-03-25,522
449,2017-03-26,611
450,2017-03-27,681
451,2017-03-28,630
452,2017-03-29,618
453,2017-03-30,616
454,2017-03-31,508
455,2017-04-01,389
456,2017-04-02,447
457,2017-04-03,441
458,2017-04-04,453
459,2017-04-05,549
460,2017-04-06,539
461,2017-04-07,534
462,2017-04-08,467
463,2017-04-09,584
464,2017-04-10,681
465,2017-04-11,679
466,2017-04-12,656
467,2017-04-13,656
468,2017-04-14,570
469,2017-04-15,452
470,2017-04-16,593
471,2017-04-17,613
472,2017-04-18,546
473,2017-04-19,563
474,2017-04-20,587
475,2017-04-21,491
476,2017-04-22,412
477,2017-04-23,566
478,2017-04-24,638
479,2017-04-25,696
480,2017-04-26,772
481,2017-04-27,709
482,2017-04-28,488
483,2017-04-29,403
484,2017-04-30,565
485,2017-05-01,511
486,2017-05-02,476
487,2017-05-03,499
488,2017-05-04,422
489,2017-05-05,380
490,2017-05-06,328
491,2017-05-07,431
492,2017-05-08,523
493,2017-05-09,483
494,2017-05-10,476
495,2017-05-11,448
496,2017-05-12,383
497,2017-05-13,349
498,2017-05-14,424
499,2017-05-15,447
500,2017-05-16,408
501,2017-05-17,387
502,2017-05-18,365
503,2017-05-19,302
504,2017-05-20,305
505,2017-05-21,336
506,2017-05-22,424
507,2017-05-23,453
508,2017-05-24,525
509,2017-05-25,545
510,2017-05-26,347
511,2017-05-27,258
512,2017-05-28,282
513,2017-05-29,274
514,2017-05-30,337
515,2017-05-31,487
516,2017-06-01,385
517,2017-06-02,414
518,2017-06-03,328
519,2017-06-04,340
520,2017-06-05,457
521,2017-06-06,490
522,2017-06-07,545
523,2017-06-08,502
524,2017-06-09,383
525,2017-06-10,309
526,2017-06-11,334
527,2017-06-12,434
528,2017-06-13,404
529,2017-06-14,474
530,2017-06-15,406
531,2017-06-16,389
532,2017-06-17,285
533,2017-06-18,300
534,2017-06-19,456
535,2017-06-20,408
536,2017-06-21,392
537,2017-06-22,355
538,2017-06-23,300
539,2017-06-24,281
540,2017-06-25,245
541,2017-06-26,392
542,2017-06-27,345
543,2017-06-28,328
544,2017-06-29,326
545,2017-06-30,305
546,2017-07-01,232
547,2017-07-02,270
548,2017-07-03,405
549,2017-07-04,344
550,2017-07-05,295
551,2017-07-06,258
552,2017-07-07,285
553,2017-07-08,215
554,2017-07-09,247
555,2017-07-10,331
556,2017-07-11,313
557,2017-07-12,319
558,2017-07-13,296
559,2017-07-14,262
560,2017-07-15,206
561,2017-07-16,247
562,2017-07-17,350
563,2017-07-18,321
564,2017-07-19,306
565,2017-07-20,318
566,2017-07-21,293
567,2017-07-22,232
568,2017-07-23,265
569,2017-07-24,336
570,2017-07-25,294
571,2017-07-26,267
572,2017-07-27,281
573,2017-07-28,259
574,2017-07-29,204
575,2017-07-30,267
576,2017-07-31,304
577,2017-08-01,286
578,2017-08-02,275
579,2017-08-03,274
580,2017-08-04,253
581,2017-08-05,168
582,2017-08-06,184
583,2017-08-07,261
584,2017-08-08,274
585,2017-08-09,259
586,2017-08-10,217
587,2017-08-11,210
588,2017-08-12,161
589,2017-08-13,169
590,2017-08-14,265
591,2017-08-15,224
592,2017-08-16,253
593,2017-08-17,365
594,2017-08-18,261
595,2017-08-19,156
596,2017-08-20,188
597,2017-08-21,234
598,2017-08-22,254
599,2017-08-23,218
600,2017-08-24,219
601,2017-08-25,230
602,2017-08-26,182
603,2017-08-27,200
604,2017-08-28,236
605,2017-08-29,212
606,2017-08-30,194
607,2017-08-31,190
608,2017-09-01,201
609,2017-09-02,128
610,2017-09-03,144
611,2017-09-04,278
612,2017-09-05,226
613,2017-09-06,222
614,2017-09-07,216
615,2017-09-08,202
616,2017-09-09,143
617,2017-09-10,177
618,2017-09-11,335
619,2017-09-12,341
620,2017-09-13,392
621,2017-09-14,473
622,2017-09-15,421
623,2017-09-16,264
624,2017-09-17,302
625,2017-09-18,509
626,2017-09-19,570
627,2017-09-20,496
628,2017-09-21,478
629,2017-09-22,443
630,2017-09-23,369
631,2017-09-24,382
632,2017-09-25,654
633,2017-09-26,679
634,2017-09-27,649
635,2017-09-28,658
636,2017-09-29,635
637,2017-09-30,592
638,2017-10-01,588
639,2017-10-02,755
640,2017-10-03,656
641,2017-10-04,559
642,2017-10-05,640
643,2017-10-06,549
644,2017-10-07,510
645,2017-10-08,485
646,2017-10-09,558
647,2017-10-10,592
648,2017-10-11,696
649,2017-10-12,683
650,2017-10-13,603
651,2017-10-14,539
652,2017-10-15,620
653,2017-10-16,788
654,2017-10-17,833
655,2017-10-18,758
656,2017-10-19,673
657,2017-10-20,638
658,2017-10-21,544
659,2017-10-22,656
660,2017-10-23,761
661,2017-10-24,757
662,2017-10-25,635
663,2017-10-26,590
664,2017-10-27,624
665,2017-10-28,550
666,2017-10-29,638
667,2017-10-30,838
668,2017-10-31,718
669,2017-11-01,721
670,2017-11-02,692
671,2017-11-03,610
672,2017-11-04,533
673,2017-11-05,588
674,2017-11-06,785
675,2017-11-07,743
676,2017-11-08,698
677,2017-11-09,632
678,2017-11-10,579
679,2017-11-11,574
680,2017-11-12,630
681,2017-11-13,759
682,2017-11-14,678
683,2017-11-15,664
684,2017-11-16,629
685,2017-11-17,631
686,2017-11-18,507
687,2017-11-19,675
688,2017-11-20,792
689,2017-11-21,697
690,2017-11-22,750
691,2017-11-23,633
692,2017-11-24,533
693,2017-11-25,491
694,2017-11-26,607
695,2017-11-27,709
696,2017-11-28,659
697,2017-11-29,586
698,2017-11-30,573
699,2017-12-01,559
700,2017-12-02,480
701,2017-12-03,580
702,2017-12-04,656
703,2017-12-05,606
704,2017-12-06,504
705,2017-12-07,470
706,2017-12-08,409
707,2017-12-09,358
708,2017-12-10,433
709,2017-12-11,644
710,2017-12-12,524
711,2017-12-13,486
712,2017-12-14,412
713,2017-12-15,473
714,2017-12-16,343
715,2017-12-17,379
716,2017-12-18,620
717,2017-12-19,538
718,2017-12-20,478
719,2017-12-21,454
720,2017-12-22,410
721,2017-12-23,302
722,2017-12-24,354
723,2017-12-25,558
724,2017-12-26,501
725,2017-12-27,445
726,2017-12-28,499
727,2017-12-29,425
728,2017-12-30,308
729,2017-12-31,270
730,2018-01-01,328
731,2018-01-02,554
732,2018-01-03,513
733,2018-01-04,414
734,2018-01-05,425
735,2018-01-06,333
736,2018-01-07,375
737,2018-01-08,462
738,2018-01-09,436
739,2018-01-10,427
740,2018-01-11,353
741,2018-01-12,312
742,2018-01-13,203
743,2018-01-14,234
744,2018-01-15,324
745,2018-01-16,291
746,2018-01-17,300
747,2018-01-18,311
748,2018-01-19,278
749,2018-01-20,153
750,2018-01-21,191
751,2018-01-22,239
752,2018-01-23,246
753,2018-01-24,221
754,2018-01-25,244
755,2018-01-26,216
756,2018-01-27,148
757,2018-01-28,170
758,2018-01-29,243
759,2018-01-30,217
760,2018-01-31,210
761,2018-02-01,183
762,2018-02-02,168
763,2018-02-03,140
764,2018-02-04,126
765,2018-02-05,188
766,2018-02-06,200
767,2018-02-07,184
768,2018-02-08,170
769,2018-02-09,159
770,2018-02-10,108
771,2018-02-11,130
772,2018-02-12,186
773,2018-02-13,155
774,2018-02-14,106
775,2018-02-15,69
776,2018-02-16,58
777,2018-02-17,69
778,2018-02-18,77
779,2018-02-19,88
780,2018-02-20,128
781,2018-02-21,220
782,2018-02-22,246
783,2018-02-23,248
784,2018-02-24,230
785,2018-02-25,280
786,2018-02-26,473
787,2018-02-27,480
788,2018-02-28,425
789,2018-03-01,516
790,2018-03-02,525
791,2018-03-03,408
792,2018-03-04,445
793,2018-03-05,597
794,2018-03-06,570
795,2018-03-07,562
796,2018-03-08,544
797,2018-03-09,523
798,2018-03-10,404
799,2018-03-11,489
800,2018-03-12,743
801,2018-03-13,628
802,2018-03-14,543
803,2018-03-15,646
804,2018-03-16,566
805,2018-03-17,508
806,2018-03-18,596
807,2018-03-19,803
808,2018-03-20,721
809,2018-03-21,718
810,2018-03-22,692
811,2018-03-23,641
812,2018-03-24,601
813,2018-03-25,804
814,2018-03-26,889
815,2018-03-27,797
816,2018-03-28,762
817,2018-03-29,679
818,2018-03-30,620
819,2018-03-31,506
820,2018-04-01,637
821,2018-04-02,703
822,2018-04-03,506
823,2018-04-04,384
824,2018-04-05,382
825,2018-04-06,419
826,2018-04-07,483
827,2018-04-08,618
828,2018-04-09,751
829,2018-04-10,663
830,2018-04-11,588
831,2018-04-12,599
832,2018-04-13,536
833,2018-04-14,539
834,2018-04-15,653
835,2018-04-16,691
836,2018-04-17,666
837,2018-04-18,555
838,2018-04-19,625
839,2018-04-20,665
840,2018-04-21,509
841,2018-04-22,545
842,2018-04-23,671
843,2018-04-24,564
844,2018-04-25,581
845,2018-04-26,577
846,2018-04-27,558
847,2018-04-28,488
848,2018-04-29,661
849,2018-04-30,715
850,2018-05-01,545
851,2018-05-02,624
852,2018-05-03,564
853,2018-05-04,535
854,2018-05-05,461
855,2018-05-06,612
856,2018-05-07,748
857,2018-05-08,675
858,2018-05-09,603
859,2018-05-10,553
860,2018-05-11,489
861,2018-05-12,560
862,2018-05-13,594
863,2018-05-14,621
864,2018-05-15,592
865,2018-05-16,606
866,2018-05-17,557
867,2018-05-18,544
868,2018-05-19,445
869,2018-05-20,552
870,2018-05-21,632
871,2018-05-22,534
872,2018-05-23,567
873,2018-05-24,521
874,2018-05-25,442
875,2018-05-26,379
876,2018-05-27,464
877,2018-05-28,666
878,2018-05-29,547
879,2018-05-30,586
880,2018-05-31,593
881,2018-06-01,475
882,2018-06-02,367
883,2018-06-03,435
884,2018-06-04,555
885,2018-06-05,620
886,2018-06-06,463
887,2018-06-07,490
888,2018-06-08,377
889,2018-06-09,428
890,2018-06-10,426
891,2018-06-11,650
892,2018-06-12,600
893,2018-06-13,552
894,2018-06-14,481
895,2018-06-15,466
896,2018-06-16,415
897,2018-06-17,355
898,2018-06-18,383
899,2018-06-19,527
900,2018-06-20,555
901,2018-06-21,475
902,2018-06-22,597
903,2018-06-23,468
904,2018-06-24,448
905,2018-06-25,597
906,2018-06-26,541
907,2018-06-27,450
908,2018-06-28,469
909,2018-06-29,460
910,2018-06-30,381
911,2018-07-01,469
912,2018-07-02,798
913,2018-07-03,682
914,2018-07-04,629
915,2018-07-05,643
916,2018-07-06,566
917,2018-07-07,531
918,2018-07-08,490
919,2018-07-09,674
920,2018-07-10,627
921,2018-07-11,587
922,2018-07-12,523
923,2018-07-13,470
924,2018-07-14,474
925,2018-07-15,483
926,2018-07-16,568
927,2018-07-17,568
928,2018-07-18,529
929,2018-07-19,539
930,2018-07-20,534
931,2018-07-21,554
932,2018-07-22,548
933,2018-07-23,673
934,2018-07-24,576
935,2018-07-25,598
936,2018-07-26,531
937,2018-07-27,544
938,2018-07-28,492
939,2018-07-29,542
940,2018-07-30,598
941,2018-07-31,564
942,2018-08-01,552
943,2018-08-02,518
944,2018-08-03,465
945,2018-08-04,381
946,2018-08-05,482
947,2018-08-06,544
948,2018-08-07,498
949,2018-08-08,445
950,2018-08-09,479
951,2018-08-10,470
952,2018-08-11,420
953,2018-08-12,411
954,2018-08-13,518
955,2018-08-14,524
956,2018-08-15,506
957,2018-08-16,507
958,2018-08-17,418
959,2018-08-18,378
960,2018-08-19,499
961,2018-08-20,548
962,2018-08-21,495
963,2018-08-22,512
964,2018-08-23,542
965,2018-08-24,500
966,2018-08-25,420
967,2018-08-26,452
968,2018-08-27,492
969,2018-08-28,455
970,2018-08-29,461
971,2018-08-30,458
972,2018-08-31,428
973,2018-09-01,343
974,2018-09-02,354
975,2018-09-03,342
976,2018-09-04,406
977,2018-09-05,345
978,2018-09-06,336
979,2018-09-07,318
980,2018-09-08,257
981,2018-09-09,255
982,2018-09-10,560
983,2018-09-11,516
984,2018-09-12,603
985,2018-09-13,455
986,2018-09-14,417
987,2018-09-15,345
988,2018-09-16,449
989,2018-09-17,715
990,2018-09-18,636
991,2018-09-19,511
992,2018-09-20,515
993,2018-09-21,495
994,2018-09-22,352
995,2018-09-23,372
996,2018-09-24,553
997,2018-09-25,706
998,2018-09-26,785
999,2018-09-27,670
1000,2018-09-28,741
1001,2018-09-29,630
1002,2018-09-30,764
1003,2018-10-01,1060
1004,2018-10-02,871
1005,2018-10-03,807
1006,2018-10-04,843
1007,2018-10-05,729
1008,2018-10-06,702
1009,2018-10-07,969
1010,2018-10-08,1052
1011,2018-10-09,710
1012,2018-10-10,675
1013,2018-10-11,832
1014,2018-10-12,745
1015,2018-10-13,687
1016,2018-10-14,864
1017,2018-10-15,1010
1018,2018-10-16,895
1019,2018-10-17,828
1020,2018-10-18,837
1021,2018-10-19,732
1022,2018-10-20,633
1023,2018-10-21,832
1024,2018-10-22,986
1025,2018-10-23,781
1026,2018-10-24,709
1027,2018-10-25,661
1028,2018-10-26,616
1029,2018-10-27,627
1030,2018-10-28,808
1031,2018-10-29,886
1032,2018-10-30,769
1033,2018-10-31,722
1034,2018-11-01,686
1035,2018-11-02,684
1036,2018-11-03,578
1037,2018-11-04,756
1038,2018-11-05,920
1039,2018-11-06,683
1040,2018-11-07,643
1041,2018-11-08,617
1042,2018-11-09,692
1043,2018-11-10,556
1044,2018-11-11,737
1045,2018-11-12,883
1046,2018-11-13,903
1047,2018-11-14,903
1048,2018-11-15,920
1049,2018-11-16,842
1050,2018-11-17,647
1051,2018-11-18,845
1052,2018-11-19,947
1053,2018-11-20,816
1054,2018-11-21,747
1055,2018-11-22,578
1056,2018-11-23,424
1057,2018-11-24,363
1058,2018-11-25,595
1059,2018-11-26,761
1060,2018-11-27,661
1061,2018-11-28,655
1062,2018-11-29,642
1063,2018-11-30,677
1064,2018-12-01,512
1065,2018-12-02,693
1066,2018-12-03,1026
1067,2018-12-04,711
1068,2018-12-05,639
1069,2018-12-06,566
1070,2018-12-07,510
1071,2018-12-08,387
1072,2018-12-09,529
1073,2018-12-10,646
1074,2018-12-11,679
1075,2018-12-12,509
1076,2018-12-13,546
1077,2018-12-14,496
1078,2018-12-15,342
1079,2018-12-16,426
1080,2018-12-17,578
1081,2018-12-18,534
1082,2018-12-19,511
1083,2018-12-20,580
1084,2018-12-21,436
1085,2018-12-22,328
1086,2018-12-23,428
1087,2018-12-24,499
1088,2018-12-25,463
1089,2018-12-26,456
1090,2018-12-27,447
1091,2018-12-28,465
1092,2018-12-29,336
1093,2018-12-30,353
1094,2018-12-31,265
1095,2019-01-01,314
1096,2019-01-02,407
1097,2019-01-03,477
1098,2019-01-04,419
1099,2019-01-05,369
1100,2019-01-06,364
1101,2019-01-07,471
1102,2019-01-08,361
1103,2019-01-09,360
1104,2019-01-10,358
1105,2019-01-11,380
1106,2019-01-12,277
1107,2019-01-13,205
1108,2019-01-14,279
1109,2019-01-15,322
1110,2019-01-16,198
1111,2019-01-17,191
1112,2019-01-18,207
1113,2019-01-19,183
1114,2019-01-20,185
1115,2019-01-21,234
1116,2019-01-22,230
1117,2019-01-23,237
1118,2019-01-24,206
1119,2019-01-25,227
1120,2019-01-26,209
1121,2019-01-27,146
1122,2019-01-28,140
1123,2019-01-29,131
1124,2019-01-30,126
1125,2019-01-31,133
1126,2019-02-01,168
1127,2019-02-02,99
1128,2019-02-03,121
1129,2019-02-04,78
1130,2019-02-05,84
1131,2019-02-06,65
1132,2019-02-07,76
1133,2019-02-08,91
1134,2019-02-09,83
1135,2019-02-10,114
1136,2019-02-11,180
1137,2019-02-12,210
1138,2019-02-13,155
1139,2019-02-14,170
1140,2019-02-15,149
1141,2019-02-16,104
1142,2019-02-17,139
1143,2019-02-18,254
1144,2019-02-19,296
1145,2019-02-20,259
1146,2019-02-21,288
1147,2019-02-22,318
1148,2019-02-23,249
1149,2019-02-24,266
1150,2019-02-25,516
1151,2019-02-26,537
1152,2019-02-27,429
1153,2019-02-28,346
1154,2019-03-01,407
1155,2019-03-02,330
1156,2019-03-03,459
1157,2019-03-04,817
1158,2019-03-05,719
1159,2019-03-06,729
1160,2019-03-07,649
1161,2019-03-08,609
1162,2019-03-09,554
1163,2019-03-10,678
1164,2019-03-11,900
1165,2019-03-12,767
1166,2019-03-13,798
1167,2019-03-14,805
1168,2019-03-15,762
1169,2019-03-16,749
1170,2019-03-17,792
1171,2019-03-18,1017
1172,2019-03-19,848
1173,2019-03-20,857
1174,2019-03-21,757
1175,2019-03-22,812
1176,2019-03-23,803
1177,2019-03-24,893
1178,2019-03-25,902
1179,2019-03-26,869
1180,2019-03-27,724
1181,2019-03-28,688
1182,2019-03-29,712
1183,2019-03-30,752
1184,2019-03-31,887
1185,2019-04-01,904
1186,2019-04-02,459
1187,2019-04-03,678
1188,2019-04-04,597
1189,2019-04-05,641
1190,2019-04-06,671
1191,2019-04-07,972
1192,2019-04-08,822
1193,2019-04-09,866
1194,2019-04-10,766
1195,2019-04-11,864
1196,2019-04-12,772
1197,2019-04-13,732
1198,2019-04-14,879
1199,2019-04-15,835
1200,2019-04-16,770
1201,2019-04-17,764
1202,2019-04-18,736
1203,2019-04-19,938
1204,2019-04-20,873
1205,2019-04-21,1117
1206,2019-04-22,1088
1207,2019-04-23,917
1208,2019-04-24,795
1209,2019-04-25,759
1210,2019-04-26,815
1211,2019-04-27,748
1212,2019-04-28,820
1213,2019-04-29,878
1214,2019-04-30,885
1215,2019-05-01,842
1216,2019-05-02,814
1217,2019-05-03,784
1218,2019-05-04,648
1219,2019-05-05,924
1220,2019-05-06,961
1221,2019-05-07,815
1222,2019-05-08,710
1223,2019-05-09,780
1224,2019-05-10,598
1225,2019-05-11,523
1226,2019-05-12,676
1227,2019-05-13,848
1228,2019-05-14,728
1229,2019-05-15,671
1230,2019-05-16,672
1231,2019-05-17,675
1232,2019-05-18,634
1233,2019-05-19,805
1234,2019-05-20,837
1235,2019-05-21,786
1236,2019-05-22,711
1237,2019-05-23,745
1238,2019-05-24,733
1239,2019-05-25,692
1240,2019-05-26,766
1241,2019-05-27,870
1242,2019-05-28,808
1243,2019-05-29,751
1244,2019-05-30,709
1245,2019-05-31,567
1246,2019-06-01,554
1247,2019-06-02,588
1248,2019-06-03,741
1249,2019-06-04,630
1250,2019-06-05,498
1251,2019-06-06,512
1252,2019-06-07,417
1253,2019-06-08,445
1254,2019-06-09,614
1255,2019-06-10,730
1256,2019-06-11,567
1257,2019-06-12,556
1258,2019-06-13,565
1259,2019-06-14,503
1260,2019-06-15,447
1261,2019-06-16,455
1262,2019-06-17,660
1263,2019-06-18,481
1264,2019-06-19,438
1265,2019-06-20,445
1266,2019-06-21,480
1267,2019-06-22,394
1268,2019-06-23,392
1269,2019-06-24,544
1270,2019-06-25,505
1271,2019-06-26,427
1272,2019-06-27,452
1273,2019-06-28,470
1274,2019-06-29,374
1275,2019-06-30,427
1276,2019-07-01,530
1277,2019-07-02,463
1278,2019-07-03,509
1279,2019-07-04,472
1280,2019-07-05,487
1281,2019-07-06,430
1282,2019-07-07,375
1283,2019-07-08,455
1284,2019-07-09,524
1285,2019-07-10,431
1286,2019-07-11,401
1287,2019-07-12,381
1288,2019-07-13,330
1289,2019-07-14,345
1290,2019-07-15,383
1291,2019-07-16,427
1292,2019-07-17,369
1293,2019-07-18,400
1294,2019-07-19,401
1295,2019-07-20,361
1296,2019-07-21,355
1297,2019-07-22,428
1298,2019-07-23,451
1299,2019-07-24,480
1300,2019-07-25,468
1301,2019-07-26,396
1302,2019-07-27,388
1303,2019-07-28,418
1304,2019-07-29,469
1305,2019-07-30,426
1306,2019-07-31,435
1307,2019-08-01,449
1308,2019-08-02,436
1309,2019-08-03,398
1310,2019-08-04,327
1311,2019-08-05,393
1312,2019-08-06,389
1313,2019-08-07,334
1314,2019-08-08,332
1315,2019-08-09,366
1316,2019-08-10,313
1317,2019-08-11,295
1318,2019-08-12,416
1319,2019-08-13,394
1320,2019-08-14,399
1321,2019-08-15,435
1322,2019-08-16,345
1323,2019-08-17,368
1324,2019-08-18,354
1325,2019-08-19,435
1326,2019-08-20,483
1327,2019-08-21,478
1328,2019-08-22,458
1329,2019-08-23,456
1330,2019-08-24,514
1331,2019-08-25,408
1332,2019-08-26,483
1333,2019-08-27,456
1334,2019-08-28,479
1335,2019-08-29,485
1336,2019-08-30,538
1337,2019-08-31,483
1338,2019-09-01,383
1339,2019-09-02,406
1340,2019-09-03,445
1341,2019-09-04,411
1342,2019-09-05,409
1343,2019-09-06,391
1344,2019-09-07,402
1345,2019-09-08,397
1346,2019-09-09,712
1347,2019-09-10,710
1348,2019-09-11,733
1349,2019-09-12,635
1350,2019-09-13,446
1351,2019-09-14,421
1352,2019-09-15,580
1353,2019-09-16,834
1354,2019-09-17,702
1355,2019-09-18,788
1356,2019-09-19,747
1357,2019-09-20,763
1358,2019-09-21,606
1359,2019-09-22,692
1360,2019-09-23,1057
1361,2019-09-24,911
1362,2019-09-25,873
1363,2019-09-26,739
1364,2019-09-27,723
1365,2019-09-28,652
1366,2019-09-29,781
1367,2019-09-30,1081
1368,2019-10-01,998
1369,2019-10-02,967
1370,2019-10-03,861
1371,2019-10-04,833
1372,2019-10-05,887
1373,2019-10-06,893
1374,2019-10-07,1032
1375,2019-10-08,1005
1376,2019-10-09,935
1377,2019-10-10,777
1378,2019-10-11,646
1379,2019-10-12,618
1380,2019-10-13,942
1381,2019-10-14,1244
1382,2019-10-15,1167
1383,2019-10-16,1080
1384,2019-10-17,1112
1385,2019-10-18,1255
1386,2019-10-19,1060
1387,2019-10-20,1136
1388,2019-10-21,1432
1389,2019-10-22,1332
1390,2019-10-23,1243
1391,2019-10-24,1258
1392,2019-10-25,1073
1393,2019-10-26,936
1394,2019-10-27,1062
1395,2019-10-28,1433
1396,2019-10-29,1249
1397,2019-10-30,1262
1398,2019-10-31,1281
1399,2019-11-01,1122
1400,2019-11-02,1008
1401,2019-11-03,1146
1402,2019-11-04,1233
1403,2019-11-05,1274
1404,2019-11-06,1159
1405,2019-11-07,1147
1406,2019-11-08,965
1407,2019-11-09,882
1408,2019-11-10,1047
1409,2019-11-11,1404
1410,2019-11-12,1299
1411,2019-11-13,1440
1412,2019-11-14,1303
1413,2019-11-15,1130
1414,2019-11-16,905
1415,2019-11-17,1026
1416,2019-11-18,1211
1417,2019-11-19,1112
1418,2019-11-20,1113
1419,2019-11-21,1071
1420,2019-11-22,932
1421,2019-11-23,726
1422,2019-11-24,928
1423,2019-11-25,1229
1424,2019-11-26,1087
1425,2019-11-27,962
1426,2019-11-28,1222
1427,2019-11-29,1267
1428,2019-11-30,893
1429,2019-12-01,1024
1430,2019-12-02,1166
1431,2019-12-03,1123
1432,2019-12-04,1082
1433,2019-12-05,1081
1434,2019-12-06,996
1435,2019-12-07,698
1436,2019-12-08,853
1437,2019-12-09,1006
1438,2019-12-10,990
1439,2019-12-11,965
1440,2019-12-12,999
1441,2019-12-13,862
1442,2019-12-14,671
1443,2019-12-15,845
1444,2019-12-16,901
1445,2019-12-17,941
1446,2019-12-18,831
1447,2019-12-19,892
1448,2019-12-20,709
1449,2019-12-21,624
1450,2019-12-22,772
1451,2019-12-23,891
1452,2019-12-24,812
1453,2019-12-25,735
1454,2019-12-26,822
1455,2019-12-27,758
1456,2019-12-28,667
1457,2019-12-29,700
1458,2019-12-30,860
1459,2019-12-31,686
1460,2020-01-01,641
1461,2020-01-02,808
1462,2020-01-03,802
1463,2020-01-04,583
1464,2020-01-05,637
1465,2020-01-06,695
1466,2020-01-07,646
1467,2020-01-08,573
1468,2020-01-09,465
1469,2020-01-10,435
1470,2020-01-11,311
1471,2020-01-12,306
1472,2020-01-13,361
1473,2020-01-14,312
1474,2020-01-15,353
1475,2020-01-16,362
1476,2020-01-17,378
1477,2020-01-18,326
1478,2020-01-19,283
1479,2020-01-20,405
1480,2020-01-21,349
1481,2020-01-22,304
1482,2020-01-23,237
1483,2020-01-24,172
1484,2020-01-25,198
1485,2020-01-26,170
1486,2020-01-27,226
1487,2020-01-28,293
1488,2020-01-29,324
1489,2020-01-30,442
1490,2020-01-31,407
1491,2020-02-01,397
1492,2020-02-02,387
1493,2020-02-03,450
1494,2020-02-04,472
1495,2020-02-05,434
1496,2020-02-06,418
1497,2020-02-07,420
1498,2020-02-08,384
1499,2020-02-09,344
1500,2020-02-10,445
1501,2020-02-11,474
1502,2020-02-12,396
1503,2020-02-13,429
1504,2020-02-14,398
1505,2020-02-15,327
1506,2020-02-16,346
1507,2020-02-17,429
1508,2020-02-18,443
1509,2020-02-19,422
1510,2020-02-20,428
1511,2020-02-21,454
1512,2020-02-22,350
1513,2020-02-23,353
1514,2020-02-24,525
1515,2020-02-25,626
1516,2020-02-26,713
1517,2020-02-27,717
1518,2020-02-28,478
1519,2020-03-01,635
1520,2020-03-02,1129
1521,2020-03-03,1208
1522,2020-03-04,1176
1523,2020-03-05,1221
1524,2020-03-06,1295
1525,2020-03-07,977
1526,2020-03-08,1042
1527,2020-03-09,1333
1528,2020-03-10,1264
1529,2020-03-11,1311
1530,2020-03-12,1420
1531,2020-03-13,1395
1532,2020-03-14,1009
1533,2020-03-15,1012
1534,2020-03-16,1566
1535,2020-03-17,1431
1536,2020-03-18,1600
1537,2020-03-19,1519
1538,2020-03-20,1193
1539,2020-03-21,1066
1540,2020-03-22,1331
1541,2020-03-23,1585
1542,2020-03-24,1194
1543,2020-03-25,1360
1544,2020-03-26,1117
1545,2020-03-27,1130
1546,2020-03-28,985
1547,2020-03-29,1163
1548,2020-03-30,1309
1549,2020-03-31,1094
1550,2020-04-01,1044
1551,2020-04-02,1139
1552,2020-04-03,872
1553,2020-04-04,866
1554,2020-04-05,1110
1555,2020-04-06,1394
1556,2020-04-07,1246
1557,2020-04-08,1247
1558,2020-04-09,1173
1559,2020-04-10,1196
1560,2020-04-11,1080
1561,2020-04-12,1387
1562,2020-04-13,1792
1563,2020-04-14,1388
1564,2020-04-15,1296
1565,2020-04-16,1312
1566,2020-04-17,1253
1567,2020-04-18,1085
1568,2020-04-19,1376
1569,2020-04-20,1631
1570,2020-04-21,1431
1571,2020-04-22,1289
1572,2020-04-23,1407
1573,2020-04-24,1271
1574,2020-04-25,1143
1575,2020-04-26,1371
1576,2020-04-27,1447
1577,2020-04-28,1321
1578,2020-04-29,1344
1579,2020-04-30,1419
1580,2020-05-01,1358
1581,2020-05-02,1191
1582,2020-05-03,1375
1583,2020-05-04,1532
1584,2020-05-05,1313
1585,2020-05-06,1385
1586,2020-05-07,1217
1587,2020-05-08,1340
1588,2020-05-09,1000
1589,2020-05-10,1259
1590,2020-05-11,1543
1591,2020-05-12,1326
1592,2020-05-13,1411
1593,2020-05-14,1443
1594,2020-05-15,1250
1595,2020-05-16,1139
1596,2020-05-17,1301
1597,2020-05-18,1343
1598,2020-05-19,1267
1599,2020-05-20,1221
1600,2020-05-21,1308
1601,2020-05-22,1145
1602,2020-05-23,948
1603,2020-05-24,1176
1604,2020-05-25,1411
1605,2020-05-26,1392
1606,2020-05-27,1426
1607,2020-05-28,1337
1608,2020-05-29,1266
1609,2020-05-30,1072
1610,2020-05-31,1251
1611,2020-06-01,1577
1612,2020-06-02,1457
1613,2020-06-03,1509
1614,2020-06-04,1533
1615,2020-06-05,1334
1616,2020-06-06,1086
1617,2020-06-07,1278
1618,2020-06-08,1718
1619,2020-06-09,1631
1620,2020-06-10,1732
1621,2020-06-11,1548
1622,2020-06-12,1324
1623,2020-06-13,1146
1624,2020-06-14,1358
1625,2020-06-15,1809
1626,2020-06-16,1696
1627,2020-06-17,1940
1628,2020-06-18,1633
1629,2020-06-19,1564
1630,2020-06-20,1342
1631,2020-06-21,1166
1632,2020-06-22,1664
1633,2020-06-23,1468
1634,2020-06-24,1246
1635,2020-06-25,1010
1636,2020-06-26,924
1637,2020-06-27,1000
1638,2020-06-28,1012
1639,2020-06-29,1313
1640,2020-06-30,1315
1641,2020-07-01,1340
1642,2020-07-02,1338
1643,2020-07-03,1191
1644,2020-07-04,915
1645,2020-07-05,1038
1646,2020-07-06,1752
1647,2020-07-07,1425
1648,2020-07-08,1314
1649,2020-07-09,1284
1650,2020-07-10,1289
1651,2020-07-11,1192
1652,2020-07-12,1319
1653,2020-07-13,1500
1654,2020-07-14,1308
1655,2020-07-15,1413
1656,2020-07-16,1414
1657,2020-07-17,1344
1658,2020-07-18,1154
1659,2020-07-19,1427
1660,2020-07-20,1426
1661,2020-07-21,1500
1662,2020-07-22,1448
1663,2020-07-23,1316
1664,2020-07-24,1176
1665,2020-07-25,1055
1666,2020-07-26,1295
1667,2020-07-27,1412
1668,2020-07-28,1344
1669,2020-07-29,1225
1670,2020-07-30,1251
1671,2020-07-31,1271
1672,2020-08-01,1261
1673,2020-08-02,1300
1674,2020-08-03,1393
1675,2020-08-04,1243
1676,2020-08-05,1257
1677,2020-08-06,1080
1678,2020-08-07,1165
1679,2020-08-08,1135
1680,2020-08-09,1283
1681,2020-08-10,1284
1682,2020-08-11,1292
1683,2020-08-12,1319
1684,2020-08-13,1195
1685,2020-08-14,1136
1686,2020-08-15,1081
1687,2020-08-16,1189
1688,2020-08-17,1281
1689,2020-08-18,1243
1690,2020-08-19,1297
1691,2020-08-20,1227
1692,2020-08-21,1255
1693,2020-08-22,1032
1694,2020-08-23,1121
1695,2020-08-24,1242
1696,2020-08-25,1167
1697,2020-08-26,1211
1698,2020-08-27,1158
1699,2020-08-28,1309
1700,2020-08-29,1010
1701,2020-08-30,1077
1702,2020-08-31,1382
1703,2020-09-01,1470
1704,2020-09-02,1471
1705,2020-09-03,1524
1706,2020-09-04,1667
1707,2020-09-05,1425
1708,2020-09-06,1338
1709,2020-09-07,1718
1710,2020-09-08,1634
1711,2020-09-09,1919
1712,2020-09-10,1782
1713,2020-09-11,1529
1714,2020-09-12,1258
1715,2020-09-13,1326
1716,2020-09-14,2030
1717,2020-09-15,1772
1718,2020-09-16,2224
1719,2020-09-17,1980
1720,2020-09-18,2059
1721,2020-09-19,1191
1722,2020-09-20,1415
1723,2020-09-21,1940
1724,2020-09-22,1594
1725,2020-09-23,1838
1726,2020-09-24,1866
1727,2020-09-25,1909
1728,2020-09-26,1578
1729,2020-09-27,1246
1730,2020-09-28,2104
1731,2020-09-29,1785
1732,2020-09-30,1690
1733,2020-10-01,948
1734,2020-10-02,926
1735,2020-10-03,955
1736,2020-10-04,1326
1737,2020-10-05,1988
1738,2020-10-06,1868
1739,2020-10-07,1751
1740,2020-10-08,1589
1741,2020-10-09,1097
1742,2020-10-10,1100
1743,2020-10-11,1486
1744,2020-10-12,1754
1745,2020-10-13,1540
1746,2020-10-14,1595
1747,2020-10-15,1731
1748,2020-10-16,2088
1749,2020-10-17,1279
1750,2020-10-18,1654
1751,2020-10-19,2147
1752,2020-10-20,1869
1753,2020-10-21,1989
1754,2020-10-22,1830
1755,2020-10-23,2087
1756,2020-10-24,1393
1757,2020-10-25,1791
1758,2020-10-26,2454
1759,2020-10-27,1944
1760,2020-10-28,1906
1761,2020-10-29,1770
1762,2020-10-30,1978
1763,2020-10-31,1212
1764,2020-11-01,1641
1765,2020-11-02,2041
1766,2020-11-03,1776
1767,2020-11-04,1966
1768,2020-11-05,1755
1769,2020-11-06,1828
1770,2020-11-07,1381
1771,2020-11-08,1853
1772,2020-11-09,2063
1773,2020-11-10,1695
1774,2020-11-11,1788
1775,2020-11-12,1632
1776,2020-11-13,1760
1777,2020-11-14,1284
1778,2020-11-15,1576
1779,2020-11-16,2183
1780,2020-11-17,1762
1781,2020-11-18,1815
1782,2020-11-19,1853
1783,2020-11-20,1823
1784,2020-11-21,1171
1785,2020-11-22,1500
1786,2020-11-23,1685
1787,2020-11-24,1511
1788,2020-11-25,1570
1789,2020-11-26,1526
1790,2020-11-27,1655
1791,2020-11-28,1160
1792,2020-11-29,1578
1793,2020-11-30,1910
1794,2020-12-01,1608
1795,2020-12-02,1524
1796,2020-12-03,1400
1797,2020-12-04,1581
1798,2020-12-05,1292
1799,2020-12-06,1568
1800,2020-12-07,2075
1801,2020-12-08,1762
1802,2020-12-09,1725
1803,2020-12-10,1608
1804,2020-12-11,1698
1805,2020-12-12,1166
1806,2020-12-13,1572
1807,2020-12-14,1792
1808,2020-12-15,1572
1809,2020-12-16,1677
1810,2020-12-17,1605
1811,2020-12-18,1484
1812,2020-12-19,1197
1813,2020-12-20,1511
1814,2020-12-21,1698
1815,2020-12-22,1820
1816,2020-12-23,1664
1817,2020-12-24,1492
1818,2020-12-25,1381
1819,2020-12-26,1096
1820,2020-12-27,1328
1821,2020-12-28,1642
1822,2020-12-29,1362
1823,2020-12-30,1449
1824,2020-12-31,1114
1825,2021-01-01,734
1826,2021-01-02,871
1827,2021-01-03,1121
1828,2021-01-04,1622
1829,2021-01-05,1615
1830,2021-01-06,1653
1831,2021-01-07,1085
1832,2021-01-08,1296
1833,2021-01-09,770
1834,2021-01-10,956
1835,2021-01-11,1392
1836,2021-01-12,1182
1837,2021-01-13,960
1838,2021-01-14,965
1839,2021-01-15,773
1840,2021-01-16,508
1841,2021-01-17,518
1842,2021-01-18,503
1843,2021-01-19,589
1844,2021-01-20,725
1845,2021-01-21,799
1846,2021-01-22,767
1847,2021-01-23,611
1848,2021-01-24,656
1849,2021-01-25,787
1850,2021-01-26,764
1851,2021-01-27,741
1852,2021-01-28,735
1853,2021-01-29,715
1854,2021-01-30,698
1855,2021-01-31,869
1856,2021-02-01,847
1857,2021-02-02,779
1858,2021-02-03,694
1859,2021-02-04,735
1860,2021-02-05,670
1861,2021-02-06,474
1862,2021-02-07,460
1863,2021-02-08,605
1864,2021-02-09,502
1865,2021-02-10,419
1866,2021-02-11,288
1867,2021-02-12,221
1868,2021-02-13,264
1869,2021-02-14,304
1870,2021-02-15,413
1871,2021-02-16,527
1872,2021-02-17,677
1873,2021-02-18,643
1874,2021-02-19,687
1875,2021-02-20,728
1876,2021-02-21,810
1877,2021-02-22,1365
1878,2021-02-23,1655
1879,2021-02-24,2020
1880,2021-02-25,1944
1881,2021-02-26,2296
1882,2021-02-27,866
1883,2021-02-28,864
1884,2021-03-01,1306
1885,2021-03-02,1963
1886,2021-03-03,2251
1887,2021-03-04,2237
1888,2021-03-05,1916
1889,2021-03-06,1190
1890,2021-03-07,1491
1891,2021-03-08,2538
1892,2021-03-09,2558
1893,2021-03-10,2531
1894,2021-03-11,2498
1895,2021-03-12,2095
1896,2021-03-13,1421
1897,2021-03-14,1755
1898,2021-03-15,2472
1899,2021-03-16,2187
1900,2021-03-17,2599
1901,2021-03-18,2373
1902,2021-03-19,2197
1903,2021-03-20,1671
1904,2021-03-21,1742
1905,2021-03-22,2153
1906,2021-03-23,1750
1907,2021-03-24,1801
1908,2021-03-25,1656
1909,2021-03-26,1519
1910,2021-03-27,1197
1911,2021-03-28,1453
1912,2021-03-29,1862
1913,2021-03-30,1607
1914,2021-03-31,1662
1915,2021-04-01,1639
1916,2021-04-02,1294
1917,2021-04-03,1428
1918,2021-04-04,1454
1919,2021-04-05,1612
1920,2021-04-06,1757
1921,2021-04-07,2219
1922,2021-04-08,2144
1923,2021-04-09,2089
1924,2021-04-10,1383
1925,2021-04-11,1765
1926,2021-04-12,2515
1927,2021-04-13,1957
1928,2021-04-14,2258
1929,2021-04-15,2116
1930,2021-04-16,1830
1931,2021-04-17,1602
1932,2021-04-18,1756
1933,2021-04-19,2195
1934,2021-04-20,1962
1935,2021-04-21,2102
1936,2021-04-22,1969
1937,2021-04-23,2004
1938,2021-04-24,1415
1939,2021-04-25,1712
1940,2021-04-26,1971
1941,2021-04-27,1801
1942,2021-04-28,2202
1943,2021-04-29,2211
1944,2021-04-30,1832
1945,2021-05-01,1396
1946,2021-05-02,1586
1947,2021-05-03,2076
1948,2021-05-04,1635
1949,2021-05-05,1881
1950,2021-05-06,1883
1951,2021-05-07,1922
1952,2021-05-08,1131
1953,2021-05-09,1376
1954,2021-05-10,1896
1955,2021-05-11,1639
1956,2021-05-12,1606
1957,2021-05-13,1618
1958,2021-05-14,1646
1959,2021-05-15,1579
1960,2021-05-16,1825
1961,2021-05-17,2315
1962,2021-05-18,2309
1963,2021-05-19,2368
1964,2021-05-20,2430
1965,2021-05-21,2037
1966,2021-05-22,1662
1967,2021-05-23,1777
1968,2021-05-24,2485
1969,2021-05-25,2184
1970,2021-05-26,2362
1971,2021-05-27,2268
1972,2021-05-28,2044
1973,2021-05-29,1727
1974,2021-05-30,1758
1975,2021-05-31,2613
1976,2021-06-01,2544
1977,2021-06-02,2462
1978,2021-06-03,2310
1979,2021-06-04,2207
1980,2021-06-05,1614
1981,2021-06-06,1841
1982,2021-06-07,2382
1983,2021-06-08,2440
1984,2021-06-09,2461
1985,2021-06-10,2182
1986,2021-06-11,2176
1987,2021-06-12,2024
1988,2021-06-13,1867
1989,2021-06-14,2128
1990,2021-06-15,2856
1991,2021-06-16,2761
1992,2021-06-17,2583
1993,2021-06-18,1771
1994,2021-06-19,1530
1995,2021-06-20,1654
1996,2021-06-21,2496
1997,2021-06-22,2413
1998,2021-06-23,2335
1999,2021-06-24,2180
2000,2021-06-25,2047
2001,2021-06-26,1652
2002,2021-06-27,1761
2003,2021-06-28,2436
2004,2021-06-29,2589
2005,2021-06-30,3098
2006,2021-07-01,4170
2007,2021-07-02,3205
2008,2021-07-03,2511
2009,2021-07-04,2504
2010,2021-07-05,3167
2011,2021-07-06,3064
2012,2021-07-07,2904
2013,2021-07-08,3425
2014,2021-07-09,2767
2015,2021-07-10,2452
2016,2021-07-11,2394
2017,2021-07-12,3419
2018,2021-07-13,2967
2019,2021-07-14,2853
2020,2021-07-15,2756
2021,2021-07-16,2349
2022,2021-07-17,2132
2023,2021-07-18,2147
2024,2021-07-19,3006
2025,2021-07-20,2803
2026,2021-07-21,2618
2027,2021-07-22,2762
2028,2021-07-23,2291
2029,2021-07-24,2121
2030,2021-07-25,2155
2031,2021-07-26,2367
2032,2021-07-27,2320
2033,2021-07-28,2150
2034,2021-07-29,2278
2035,2021-07-30,1983
2036,2021-07-31,1752
2037,2021-08-01,1819
2038,2021-08-02,2080
2039,2021-08-03,1977
2040,2021-08-04,2014
2041,2021-08-05,2127
2042,2021-08-06,2044
2043,2021-08-07,1835
2044,2021-08-08,1715
2045,2021-08-09,2082
2046,2021-08-10,2172
2047,2021-08-11,2222
2048,2021-08-12,1992
2049,2021-08-13,1927
2050,2021-08-14,1714
2051,2021-08-15,1887
2052,2021-08-16,2098
2053,2021-08-17,1954
2054,2021-08-18,1960
2055,2021-08-19,2028
2056,2021-08-20,1882
2057,2021-08-21,1814
2058,2021-08-22,1836
2059,2021-08-23,1945
2060,2021-08-24,1866
2061,2021-08-25,1920
2062,2021-08-26,1937
2063,2021-08-27,1585
2064,2021-08-28,1317
2065,2021-08-29,1754
2066,2021-08-30,2060
2067,2021-08-31,2254
2068,2021-09-01,2095
2069,2021-09-02,2059
2070,2021-09-03,1805
2071,2021-09-04,1333
2072,2021-09-05,1534
2073,2021-09-06,2020
2074,2021-09-07,2500
2075,2021-09-08,1919
2076,2021-09-09,2243
2077,2021-09-10,1720
2078,2021-09-11,1566
2079,2021-09-12,1791
2080,2021-09-13,1947
2081,2021-09-14,1983
2082,2021-09-15,1667
2083,2021-09-16,2711
2084,2021-09-17,2161
2085,2021-09-18,1291
2086,2021-09-19,1098
2087,2021-09-20,1162
2088,2021-09-21,1662
2089,2021-09-22,2172
2090,2021-09-23,2789
2091,2021-09-24,1918
2092,2021-09-25,1365
2093,2021-09-26,1852
2094,2021-09-27,3007
2095,2021-09-28,2835
2096,2021-09-29,2581
2097,2021-09-30,3290
2098,2021-10-01,1957
2099,2021-10-02,1369
2100,2021-10-03,1718
2101,2021-10-04,2806
2102,2021-10-05,2670
2103,2021-10-06,2263
2104,2021-10-07,2307
2105,2021-10-08,1740
2106,2021-10-09,1248
2107,2021-10-10,1359
2108,2021-10-11,1705
2109,2021-10-12,2086
2110,2021-10-13,2135
2111,2021-10-14,2039
2112,2021-10-15,2213
2113,2021-10-16,1601
2114,2021-10-17,2052
2115,2021-10-18,2992
2116,2021-10-19,2796
2117,2021-10-20,2563
2118,2021-10-21,2895
2119,2021-10-22,2531
2120,2021-10-23,1715
2121,2021-10-24,2076
2122,2021-10-25,3055
2123,2021-10-26,2973
2124,2021-10-27,2444
2125,2021-10-28,2603
2126,2021-10-29,2105
2127,2021-10-30,1683
2128,2021-10-31,2043
2129,2021-11-01,2421
2130,2021-11-02,2528
2131,2021-11-03,2247
2132,2021-11-04,2305
2133,2021-11-05,2059
2134,2021-11-06,1611
2135,2021-11-07,1946
2136,2021-11-08,2530
2137,2021-11-09,2402
2138,2021-11-10,2133
2139,2021-11-11,2264
2140,2021-11-12,2022
2141,2021-11-13,1478
2142,2021-11-14,1808
2143,2021-11-15,2585
2144,2021-11-16,2201
2145,2021-11-17,1814
2146,2021-11-18,2226
2147,2021-11-19,2128
2148,2021-11-20,1290
2149,2021-11-21,1813
2150,2021-11-22,2531
2151,2021-11-23,2375
2152,2021-11-24,1793
2153,2021-11-25,1956
2154,2021-11-26,1888
2155,2021-11-27,1379
2156,2021-11-28,1707
2157,2021-11-29,1944
2158,2021-11-30,1758
2159,2021-12-01,1439
2160,2021-12-02,1727
2161,2021-12-03,1728
2162,2021-12-04,1403
2163,2021-12-05,1733
2164,2021-12-06,2376
2165,2021-12-07,2320
2166,2021-12-08,2020
2167,2021-12-09,2255
2168,2021-12-10,1814
2169,2021-12-11,1331
2170,2021-12-12,1674
2171,2021-12-13,2146
2172,2021-12-14,2092
2173,2021-12-15,1784
2174,2021-12-16,1910
2175,2021-12-17,1622
2176,2021-12-18,1259
2177,2021-12-19,1528
2178,2021-12-20,2236
2179,2021-12-21,2033
2180,2021-12-22,1788
2181,2021-12-23,1838
2182,2021-12-24,1413
2183,2021-12-25,1095
2184,2021-12-26,1418
2185,2021-12-27,2151
2186,2021-12-28,1792
2187,2021-12-29,1445
2188,2021-12-30,1416
2189,2021-12-31,820
2190,2022-01-01,886
2191,2022-01-02,1336
2192,2022-01-03,1527
2193,2022-01-04,1688
2194,2022-01-05,1461
2195,2022-01-06,1573
2196,2022-01-07,1175
2197,2022-01-08,814
2198,2022-01-09,961
2199,2022-01-10,1415
2200,2022-01-11,1241
2201,2022-01-12,1030
2202,2022-01-13,1084
2203,2022-01-14,956
2204,2022-01-15,618
2205,2022-01-16,625
2206,2022-01-17,726
2207,2022-01-18,652
2208,2022-01-19,718
2209,2022-01-20,730
2210,2022-01-21,774
2211,2022-01-22,737
2212,2022-01-23,786
2213,2022-01-24,1207
2214,2022-01-25,1026
2215,2022-01-26,1013
2216,2022-01-27,958
2217,2022-01-28,850
2218,2022-01-29,717
2219,2022-01-30,700
2220,2022-01-31,475
2221,2022-02-01,430
2222,2022-02-02,434
2223,2022-02-03,538
2224,2022-02-04,539
2225,2022-02-05,589
2226,2022-02-06,636
2227,2022-02-07,895
2228,2022-02-08,822
2229,2022-02-09,809
2230,2022-02-10,966
2231,2022-02-11,1020
2232,2022-02-12,654
2233,2022-02-13,892
2234,2022-02-14,1583
2235,2022-02-15,1636
2236,2022-02-16,1699
2237,2022-02-17,2298
2238,2022-02-18,2062
2239,2022-02-19,1131
2240,2022-02-20,1349
2241,2022-02-21,2547
2242,2022-02-22,2738
2243,2022-02-23,2597
2244,2022-02-24,2523
2245,2022-02-25,2393
2246,2022-02-26,991
2247,2022-02-27,980
2248,2022-02-28,1356
2249,2022-03-01,2510
2250,2022-03-02,2604
2251,2022-03-03,2343
2252,2022-03-04,2289
2253,2022-03-05,1531
2254,2022-03-06,1861
2255,2022-03-07,2735
2256,2022-03-08,2643
2257,2022-03-09,2408
2258,2022-03-10,2418
2259,2022-03-11,2140
2260,2022-03-12,1527
2261,2022-03-13,1783
2262,2022-03-14,2582
2263,2022-03-15,2475
2264,2022-03-16,2225
2265,2022-03-17,2267
2266,2022-03-18,1842
2267,2022-03-19,1335
2268,2022-03-20,1651
2269,2022-03-21,2210
2270,2022-03-22,2285
2271,2022-03-23,1903
2272,2022-03-24,1852
2273,2022-03-25,1774
2274,2022-03-26,1704
2275,2022-03-27,2035
2276,2022-03-28,2620
2277,2022-03-29,2038
2278,2022-03-30,2211
2279,2022-03-31,2194
2280,2022-04-01,2083
2281,2022-04-02,1612
2282,2022-04-03,1865
2283,2022-04-04,1850
2284,2022-04-05,2024
2285,2022-04-06,2719
2286,2022-04-07,2652
2287,2022-04-08,2652
2288,2022-04-09,1899
2289,2022-04-10,2150
2290,2022-04-11,2621
2291,2022-04-12,2572
2292,2022-04-13,2417
2293,2022-04-14,2464
2294,2022-04-15,2206
2295,2022-04-16,1541
2296,2022-04-17,1922
2297,2022-04-18,2271
2298,2022-04-19,2286
2299,2022-04-20,1807
2300,2022-04-21,1795
2301,2022-04-22,1890
2302,2022-04-23,1357
2303,2022-04-24,1688
2304,2022-04-25,2706
2305,2022-04-26,2322
2306,2022-04-27,2131
2307,2022-04-28,2157
2308,2022-04-29,1904
2309,2022-04-30,1405
2310,2022-05-01,1758
2311,2022-05-02,2027
2312,2022-05-03,1929
2313,2022-05-04,1641
2314,2022-05-05,1644
2315,2022-05-06,1530
2316,2022-05-07,1291
2317,2022-05-08,1537
2318,2022-05-09,1925
2319,2022-05-10,1905
2320,2022-05-11,1563
2321,2022-05-12,1420
2322,2022-05-13,1472
2323,2022-05-14,1278
2324,2022-05-15,1543
2325,2022-05-16,1793
2326,2022-05-17,1745
2327,2022-05-18,1695
2328,2022-05-19,1691
2329,2022-05-20,1472
2330,2022-05-21,1421
2331,2022-05-22,1551
2332,2022-05-23,2040
2333,2022-05-24,1930
2334,2022-05-25,1843
2335,2022-05-26,1860
2336,2022-05-27,1782
2337,2022-05-28,1319
2338,2022-05-29,1513
2339,2022-05-30,2064
2340,2022-05-31,2073
2341,2022-06-01,1762
2342,2022-06-02,1783
2343,2022-06-03,1178
2344,2022-06-04,1292
2345,2022-06-05,1557
2346,2022-06-06,1923
2347,2022-06-07,2051
2348,2022-06-08,1778
2349,2022-06-09,1762
2350,2022-06-10,1549
2351,2022-06-11,1174
2352,2022-06-12,1373
2353,2022-06-13,1918
2354,2022-06-14,1747
2355,2022-06-15,1948
2356,2022-06-16,2033
2357,2022-06-17,2177
2358,2022-06-18,1261
2359,2022-06-19,1407
2360,2022-06-20,1850
2361,2022-06-21,1747
2362,2022-06-22,1629
2363,2022-06-23,1501
2364,2022-06-24,1417
2365,2022-06-25,948
2366,2022-06-26,1065
2367,2022-06-27,1490
2368,2022-06-28,1348
2369,2022-06-29,1614
2370,2022-06-30,2094
2371,2022-07-01,1843
2372,2022-07-02,1201
2373,2022-07-03,1342
2374,2022-07-04,2549
2375,2022-07-05,2159
2376,2022-07-06,2042
2377,2022-07-07,1745
2378,2022-07-08,1624
2379,2022-07-09,1590
2380,2022-07-10,1639
2381,2022-07-11,1962
2382,2022-07-12,1832
2383,2022-07-13,1763
2384,2022-07-14,1791
2385,2022-07-15,1823
2386,2022-07-16,1364
2387,2022-07-17,1580
2388,2022-07-18,1774
2389,2022-07-19,1711
2390,2022-07-20,1783
2391,2022-07-21,1529
2392,2022-07-22,1482
2393,2022-07-23,1441
2394,2022-07-24,1621
2395,2022-07-25,1813
2396,2022-07-26,1787
2397,2022-07-27,1842
2398,2022-07-28,1670
2399,2022-07-29,1647
2400,2022-07-30,1539
2401,2022-07-31,1655
2402,2022-08-01,1550
2403,2022-08-02,1435
2404,2022-08-03,1432
2405,2022-08-04,1353
2406,2022-08-05,1421
2407,2022-08-06,1238
2408,2022-08-07,1466
2409,2022-08-08,1589
2410,2022-08-09,1556
2411,2022-08-10,1561
2412,2022-08-11,1520
2413,2022-08-12,1521
2414,2022-08-13,1310
2415,2022-08-14,1591
2416,2022-08-15,1860
2417,2022-08-16,1609
2418,2022-08-17,1497
2419,2022-08-18,1512
2420,2022-08-19,1707
2421,2022-08-20,1394
2422,2022-08-21,1665
2423,2022-08-22,1690
2424,2022-08-23,1597
2425,2022-08-24,1629
2426,2022-08-25,1654
2427,2022-08-26,1952
2428,2022-08-27,1324
2429,2022-08-28,1209
2430,2022-08-29,1701
2431,2022-08-30,1860
2432,2022-08-31,2277
2433,2022-09-01,2219
2434,2022-09-02,1931
2435,2022-09-03,1150
2436,2022-09-04,1052
2437,2022-09-05,1504
2438,2022-09-06,1738
2439,2022-09-07,1580
2440,2022-09-08,1788
2441,2022-09-09,751
2442,2022-09-10,637
2443,2022-09-11,1163
2444,2022-09-12,2297
2445,2022-09-13,2243
2446,2022-09-14,2300
2447,2022-09-15,2484
2448,2022-09-16,2439
2449,2022-09-17,1179
2450,2022-09-18,1652
2451,2022-09-19,2735
2452,2022-09-20,2397
2453,2022-09-21,2347
2454,2022-09-22,2926
2455,2022-09-23,2445
2456,2022-09-24,1501
2457,2022-09-25,1829
2458,2022-09-26,2370
2459,2022-09-27,2196
2460,2022-09-28,2449
2461,2022-09-29,2529
2462,2022-09-30,2595
2463,2022-10-01,1284
2464,2022-10-02,1651
2465,2022-10-03,2720
2466,2022-10-04,2227
2467,2022-10-05,2330
2468,2022-10-06,2039
2469,2022-10-07,1721
2470,2022-10-08,1076
2471,2022-10-09,1175
2472,2022-10-10,1397
2473,2022-10-11,2110
2474,2022-10-12,1765
2475,2022-10-13,1982
2476,2022-10-14,2244
2477,2022-10-15,1697
2478,2022-10-16,2166
2479,2022-10-17,2815
2480,2022-10-18,2445
2481,2022-10-19,2079
2482,2022-10-20,2275
2483,2022-10-21,2016
2484,2022-10-22,1343
2485,2022-10-23,1799
2486,2022-10-24,2261
2487,2022-10-25,2201
2488,2022-10-26,1914
2489,2022-10-27,2040
2490,2022-10-28,1896
2491,2022-10-29,1464
2492,2022-10-30,1777
2493,2022-10-31,2377
2494,2022-11-01,2267
2495,2022-11-02,2133
2496,2022-11-03,2269
2497,2022-11-04,1994
2498,2022-11-05,1346
2499,2022-11-06,1747
2500,2022-11-07,2312
2501,2022-11-08,2395
2502,2022-11-09,1919
2503,2022-11-10,1983
2504,2022-11-11,1773
2505,2022-11-12,1298
2506,2022-11-13,1549
2507,2022-11-14,2344
2508,2022-11-15,2211
2509,2022-11-16,1850
2510,2022-11-17,2050
2511,2022-11-18,1957
2512,2022-11-19,1207
2513,2022-11-20,1607
2514,2022-11-21,2380
2515,2022-11-22,1738
2516,2022-11-23,1739
2517,2022-11-24,1577
2518,2022-11-25,1858
2519,2022-11-26,1052
2520,2022-11-27,1418
2521,2022-11-28,2025
2522,2022-11-29,1763
2523,2022-11-30,1614
2524,2022-12-01,1509
2525,2022-12-02,1543
2526,2022-12-03,1099
2527,2022-12-04,1612
2528,2022-12-05,2280
2529,2022-12-06,1886
2530,2022-12-07,1690
2531,2022-12-08,1885
2532,2022-12-09,1771
2533,2022-12-10,1221
2534,2022-12-11,1696
2535,2022-12-12,2060
2536,2022-12-13,1866
2537,2022-12-14,1754
2538,2022-12-15,1799
2539,2022-12-16,1768
2540,2022-12-17,1144
2541,2022-12-18,1314
2542,2022-12-19,1902
2543,2022-12-20,1839
2544,2022-12-21,1671
2545,2022-12-22,1470
2546,2022-12-23,1471
2547,2022-12-24,896
2548,2022-12-25,1135
2549,2022-12-26,1731
2550,2022-12-27,2012
2551,2022-12-28,1566
2552,2022-12-29,1853
2553,2022-12-30,1698
2554,2022-12-31,821
